{"lastDeploymentHandler":"com.amazonaws.lambda.demo.LambdaFunctionHandler","lastInvokeHandler":"com.amazonaws.lambda.demo.LambdaFunctionHandler","handlerMetadata":{"com.amazonaws.lambda.demo.LambdaFunctionHandler":{"deployment":{"regionId":"eu-central-1","awsLambdaFunctionName":"LambdaHelloWorld","awsIamRoleName":"LambdaHelloWorld","awsS3BucketName":"lambdahelloworldbucket","memory":0,"timeout":0},"invoke":{"selectJsonFile":false,"invokeJsonFile":"","selectJsonInput":true,"invokeInput":"\"Manuel\"","showLiveLog":true}}},"lastInvokedHandlerDeployed":true}